"Advertiser Url","Ad Title","Ad Text",Keyword,Visibility,Location
https://immigration.ca/canadian-citizenship-by-descent-for-americans/,"Descent-Based Citizenship - New Citizenship Rules 2026","Bill C-3 expands citizenship by descent. Find out if you qualify for a Canadian passport. Experienced citizenship...","canadian citizenship by descent grandparent",17.9,"Florida,United States"
https://immigration.ca/canadian-citizenship-by-descent-for-americans/,"Descent-Based Citizenship","Claim Your Canadian Rights — Bill C-3 expands citizenship by descent. Find out if you qualify for a Canadian passport. Experienced...","apply for canadian citizenship by descent",11.6,"Massachusetts,United States"
https://immigration.ca/canadian-citizenship-by-descent-for-americans/,"Descent-Based Citizenship | New Citizenship Rules 2026","Bill C-3 expands citizenship by descent. Find out if you qualify for a Canadian passport. New law means millions may qualify. Get a professional eligibility assessment today. Free Evaluation.","canadian citizenship by descent grandparent",6.1,"Florida,United States"
https://immigration.ca/canadian-citizenship-by-descent-for-americans/,"New Citizenship Rules 2026","Descent-Based Citizenship — Bill C-3 expands citizenship by descent. Find out if you qualify for a Canadian passport. New law means millions may qualify. Get a professional eligibility...","america canada dual citizenship",4.7,"California,United States"
https://immigration.ca/canadian-citizenship-by-descent-for-americans/,"Descent-Based Citizenship | Free Eligibility Assessment","Bill C-3 expands citizenship by descent. Find out if you qualify for a Canadian passport. Expert Canadian immigration lawyers help Americans...","apply for canadian citizenship by descent",3.7,"Florida,United States"
https://immigration.ca/canadian-citizenship-by-descent-for-americans/,"Descent-Based Citizenship - Free Eligibility Assessment","Bill C-3 expands citizenship by descent. Find out if you qualify for a Canadian passport. Expert Canadian immigration lawyers help Americans claim citizenship.","apply for canadian citizenship by descent",2.9,"Florida,United States"
https://www.canadiancitizenshiphelp.ca/,"Start Your Application","Canada Citizenship — Fast & Friendly Support Available 24/7 For Canadian Citizens. We Help Canadians In The U.S. With All Of Your Citizenship Needs. Get Help Today. SSL Secured Site. BBB Accredited Business. Read Blogs.","apply for canadian citizenship by descent",2.8,"Massachusetts,United States"
https://immigration.ca/canadian-citizenship-by-descent-for-americans/,"Descent-Based Citizenship | Canada Citizenship by Descent","Bill C-3 expands citizenship by descent. Find out if you qualify for a Canadian passport. New law means millions may qualify. Get a professional eligibility...","canadian citizenship by descent grandparent",2.6,"Florida,United States"
https://immigration.ca/canadian-citizenship-by-descent-for-americans/,"New Citizenship Rules 2026 - Descent-Based Citizenship","Bill C-3 expands citizenship by descent. Find out if you qualify for a Canadian passport. New law means millions may qualify.","dual citizenship usa canada",2.3,"Massachusetts,United States"
https://immigration.ca/canadian-citizenship-by-descent-for-americans/,"Canada Citizenship by Descent - New Citizenship Rules 2026","Bill C-3 expands citizenship by descent. Find out if you qualify for a Canadian passport. Experienced citizenship...","america canada dual citizenship",2.2,"California,United States"
https://immigration.ca/canadian-citizenship-by-descent-for-americans/,"Descent-Based Citizenship | Claim Your Canadian Rights","Bill C-3 expands citizenship by descent. Find out if you qualify for a Canadian passport. Expert Canadian immigration lawyers help Americans claim citizenship. Free consultation. Free Evaluation.","apply for canadian citizenship by descent",2.2,"Florida,United States"
https://immigration.ca/canadian-citizenship-by-descent-for-americans/,"Canada Citizenship by Descent | New Citizenship Rules 2026","Bill C-3 expands citizenship by descent. Find out if you qualify for a Canadian passport. New law means millions may qualify.","canadian citizenship by descent grandparent",2.0,"Massachusetts,United States"
https://immigration.ca/canadian-citizenship-by-descent-for-americans/,"Descent-Based Citizenship - Canada Citizenship by Descent","Bill C-3 expands citizenship by descent. Find out if you qualify for a Canadian passport. Experienced citizenship lawyers guide you through the Bill C-3 application process. Free Evaluation.","canadian citizenship by descent grandparent",1.6,"California,United States"
https://www.canadavisa.com/canadian-citizenship-immigration-and-settlement-in-canada.html,"Submit Your Citizenship Claim","Apply for canadian citizenship online — Fill out our assessment form and get in contact with a lawyer. Do you meet the requirements for...","apply for canadian citizenship by descent",1.4,"Florida,United States"
https://immigration.ca/canadian-citizenship-by-descent-for-americans/,"New Citizenship Rules 2026 - Canada Citizenship by Descent","Bill C-3 expands citizenship by descent. Find out if you qualify for a Canadian...","dual citizenship usa canada",1.3,"Massachusetts,United States"
https://immigration.ca/canadian-citizenship-by-descent-for-americans/,"New Citizenship Rules 2026 | Canada Citizenship by Descent","Bill C-3 expands citizenship by descent. Find out if you qualify for a Canadian passport. New law means millions may qualify. Get a professional eligibility...","canadian citizenship by descent grandparent",1.3,"Massachusetts,United States"
https://immigration.ca/canadian-citizenship-by-descent-for-americans/,"Descent-Based Citizenship - Claim Your Canadian Rights","Bill C-3 expands citizenship by descent. Find out if you qualify for a Canadian passport. New law means millions may qualify.","canadian citizenship by descent grandparent",1.2,"Florida,United States"
https://immigration.ca/canadian-citizenship-by-descent-for-americans/,"Canada Citizenship by Descent","Claim Your Canadian Rights — Bill C-3 expands citizenship by descent. Find out if you qualify for a Canadian passport. Expert...","apply for canadian citizenship by descent",1.1,"Massachusetts,United States"
https://immigration.ca/canadian-citizenship-by-descent-for-americans/,"New Citizenship Rules 2026 | Descent-Based Citizenship","Bill C-3 expands citizenship by descent. Find out if you qualify for a Canadian passport. New law means millions may qualify.","america canada dual citizenship",1.0,"Massachusetts,United States"
https://immigration.ca/bill-c-3-canada-confirms-major-change-to-citizenship-by-descent/,"Dual Citizenship Canada From USA - Clear Requirements","US citizens with Canadian grandparents? See options—book an online consult. Plain-English Bill C-3 guidance; we outline options and next steps.","dual citizenship usa canada",0.9,"Florida,United States"
https://immigration.ca/canadian-citizenship-by-descent-for-americans/,"Canada Citizenship by Descent - Free Eligibility Assessment","Bill C-3 expands citizenship by descent. Find out if you qualify for a Canadian passport. Expert Canadian immigration lawyers help Americans...","apply for canadian citizenship by descent",0.7,"Florida,United States"
https://secure.exeolaw.com/schedule/canadian-citizenship-assessment,"Claim Citizenship by Descent - Check Your Eligibility","See if you qualify for Canadian citizenship by descent. Book your appointment now.","apply for canadian citizenship by descent",0.7,"Florida,United States"
https://secure.exeolaw.com/schedule/canada-citizenship-assessment/booknow,"Claim Citizenship by Descent - Check Your Eligibility","See if you qualify for Canadian citizenship by descent. Book your appointment now. Not sure if you qualify? Take our citizenship assessment and get expert advice.","apply for canadian citizenship by descent",0.7,"Florida,United States"
https://www.akcanada.com/canadian-immigration-family-class/,"Canadian Citizenship by Descent - Free Eligibility Assessment","Do you have a Canadian parent or grandparent? Claim your Canadian citizenship today.","apply for canadian citizenship by descent",0.7,"Florida,United States"
https://www.escapehatch.to/,"Citizenship from Grandparents? - New Law in Canada","The Rules Just Changed. See If You Qualify in Minutes. Bill C-3 Changed the Rules. Find Out If You Qualify for Canadian Citizenship in 5 Minutes.","canadian citizenship by descent great grandparent",0.7,"Florida,United States"
https://www.canadavisa.com/canadian-citizenship-immigration-and-settlement-in-canada.html,"Submit Your Citizenship Claim | Apply for canadian citizenship online","Fill out our assessment form and get in contact with a lawyer. Do you meet the requirements for...","apply for canadian citizenship by descent",0.6,"California,United States"
https://www.internationalexperience.ca/canadian-citizenship-for-american-citizens/,"Canadian Citizenship for American Citizens, Move to Canada","Canadian Citizenship for American Citizens, Move to Canada from New York, California, Texas, Chicago, Boston, DC, Florida, Seattle, Minneapolis, Immig.","apply for canadian citizenship by descent",0.6,"Florida,United States"
https://www.internationalexperience.ca/canadian-citizenship/,"Canadian Citizenship Eligibility","Apply for Canadian Citizenship — Make sure you’re eligible to submit a Canadian Citizenship application. Affordable Price. Worldwide Recognition. Types: Immigration Services Cana, Express...","apply for canadian citizenship by descent",0.6,"California,United States"
https://immigration.ca/canadian-citizenship-by-descent-for-americans/,"New Citizenship Rules 2026 | Claim Your Canadian Rights","Bill C-3 expands citizenship by descent. Find out if you qualify for a Canadian passport. New law means millions may qualify. Get a professional eligibility...","america canada dual citizenship",0.5,"Florida,United States"
https://www.canadavisa.com/canadian-citizenship-immigration-and-settlement-in-canada.html,"Claim Dual Citizenship","Dual Citizenship Canada USA — Fill out our assessment form for Canadian citizenship and get in contact with a lawyer. Born in the...","dual citizenship usa canada",0.5,"Florida,United States"
https://www.escapehatch.to/,"CA Citizenship by Descent - New Law in Canada","Bill C-3 changed the rules. If your parent or grandparent was Canadian, you may qualify. Take a 5-minute quiz and get an AI-powered eligibility report with confidence scoring.","canadian citizenship by descent",0.5,"Massachusetts,United States"
https://www.escapehatch.to/,"CA Citizenship by Descent - Citizenship from Grandparents?","The Rules Just Changed. See If You Qualify in Minutes. Bill C-3 Changed the Rules. Find Out If You Qualify for Canadian...","canadian citizenship by descent",0.5,"Florida,United States"
https://immigration.ca/bill-c-3-canada-confirms-major-change-to-citizenship-by-descent/,"Dual Citizenship Canada From USA","Clear Requirements — US citizens with Canadian grandparents? See options—book an online consult. Lawyer-led help for...","dual citizenship usa canada",0.4,"Florida,United States"
https://www.akcanada.com/canadian-immigration-family-class/,"Citizenship by Descent - Free Eligibility Assessment","Do you have a Canadian parent or grandparent? Claim your Canadian citizenship today. Canadian...","apply for canadian citizenship by descent",0.4,"California,United States"
https://www.canadavisa.com/canadian-citizenship-immigration-and-settlement-in-canada.html,"Apply for canadian citizenship online","Submit Your Citizenship Claim — Fill out our assessment form and get in...","apply for canadian citizenship by descent",0.4,"Florida,United States"
https://www.canadavisa.com/canadian-citizenship-immigration-and-settlement-in-canada.html,"Submit Your Citizenship Claim - Apply for canadian citizenship online","Fill out our assessment form and get in contact with a lawyer. Do you meet the requirements for Canadian citizenship? Our lawyers can help you apply. Immigration Assessment.","apply for canadian citizenship by descent",0.4,"Florida,United States"
https://www.canadiancitizenshiphelp.ca/,"Canada Citizenship","Start Your Application — Fast & Friendly Support Available 24/7 For Canadian Citizens. We Help Canadians In The U.S. With All Of...","canadian citizenship by descent",0.4,"Florida,United States"
https://mdccanada.ca/immigration-evaluation,"Take the First Step to Canada - Check Your Eligibility Today","Consult with Immigration Professionals, Check Your Canadian Eligibility Today. Check if You qualify to work in Canada. Step-By-Step Guidance.","apply for canadian citizenship by descent",0.3,"California,United States"
https://mdccanada.ca/immigration-evaluation,"Immigration To Canada - Check Your Eligibility Today","Consult with Immigration Professionals, Check Your Canadian Eligibility Today","apply for canadian citizenship by descent",0.3,"California,United States"
https://nilawyers.ca/citizenship-by-descent/,"Claim Citizenship by Descent","Citizenship by Descent Law — Born Abroad to Canadian Parents or Grand-Parents? Explore Your Citizenship Options Today. Apply for Canadian Citizenship by Descent with Experienced Consultants in Canada.","apply for canadian citizenship by descent",0.3,"Massachusetts,United States"
https://www.canadiancitizenshiphelp.ca/,"Canada Citizenship | Applications Services | Start Your Application","Fast & Friendly Support Available 24/7 For Canadian Citizens. We Help Canadians In The U.S. With All Of Your Citizenship Needs. Get Help Today. Read Blogs. BBB Accredited Business. SSL Secured Site.","canadian citizenship by descent",0.3,"Florida,United States"
https://www.canadiancitizenshiphelp.ca/,"Canada Citizenship - Start Your Application","Fast & Friendly Support Available 24/7 For Canadian Citizens","canadian citizenship by descent",0.3,"Massachusetts,United States"
https://www.waytolegal.com/legal-help-guides/dual-us-canada-citizenship-guide/,"Dual US-Canada Citizenship: 4 Pathways To Apply In 2025","Navigate the steps to acquire dual US-Canada citizenship through birthright, ancestry, marriage, or residency. Understand updated rules like Canada's Bill C-3 and US policies on multiple nationalities for...","dual citizenship usa canada",0.3,"Florida,United States"
https://immigration.ca/canadian-citizenship-by-descent-for-americans/,"Canada Citizenship by Descent | Claim Your Canadian Rights","Bill C-3 expands citizenship by descent. Find out if you qualify for a Canadian passport. New law...","apply for canadian citizenship by descent",0.3,"Florida,United States"
https://mdccanada.ca/immigration-evaluation,"MDC Immigration Application - Check Your Eligibility Today","Check if You qualify to work in Canada","apply for canadian citizenship by descent",0.3,"Florida,United States"
https://nomadcapitalist.com/products/citizenship-by-descent/,"Apply for citizenship by descent - Claim Your Birthright","Claim a 2nd citizenship based on your familial connections. Let us do the research. Claim EU...","apply for canadian citizenship by descent",0.3,"California,United States"
https://www.canadavisa.com/canadian-citizenship-immigration-and-settlement-in-canada.html,"Canadian Passport By Descent","Claim Dual Citizenship — Fill out our assessment form for Canadian citizenship and get in contact with a lawyer. Born in the U.S. with Canadian roots? We guide your dual...","apply for canadian citizenship by descent",0.3,"California,United States"
https://www.canadiancitizenshiphelp.ca/,"Start Your Application | Canada Citizenship","Fast & Friendly Support Available 24/7 For Canadian Citizens. We Help Canadians In The U.S. With All Of Your Citizenship Needs. Get Help Today. SSL Secured Site. BBB Accredited Business. Read Blogs.","apply for canadian citizenship by descent",0.3,"Massachusetts,United States"
https://www.canadiancitizenshiphelp.ca/,"Easy Application Process","Easy and stress-free test — We Make The Canadian Citizenship Application Process Easy And Stress-Free Test. Fast & Friendly Support Available 24/7 For Canadian Citizens. SSL Secured Site. BBB Accredited Business. Read Blogs.","apply for canadian citizenship by descent",0.3,"California,United States"
https://www.canadiancitizenshiphelp.ca/,"Canada Citizenship | Start Your Application","Fast & Friendly Support Available 24/7 For Canadian Citizens. We Help Canadians In The U.S. With All Of Your Citizenship Needs. Get Help Today. Read Blogs. BBB Accredited Business. SSL Secured Site.","canadian citizenship by descent",0.3,"California,United States"
https://www.internationalexperience.ca/canadian-citizenship/,"Canadian Citizenship, Citizenship Application:How to Apply, Eligibility...","Make sure you’re eligible to submit a Canadian Citizenship application. Affordable Price. Worldwide Recognition. Types: Immigration Services Cana...","apply for canadian citizenship by descent",0.3,"Florida,United States"
https://www.internationalexperience.ca/canadian-citizenship/,"Canadian Citizenship Eligibility - Apply for Citizenship","Make sure you’re eligible to submit a Canadian Citizenship application. Affordable Price. Worldwide Recognition.","canadian citizenship by descent",0.3,"Florida,United States"
https://www.myheritage.com/search-records,"Canadian Immigration Records - Just Enter a Name - It's Easy","No need to go to the archive; billions of digital records are available right here.","canadian citizenship by descent great grandparent",0.3,"Florida,United States"
https://www.rmcs.bc.ca/settlement-services/,"Canadian Citizenship Made Easy","Canadian Citizenship Services — All the information & support you need to achieve citizenship in Canada, all in one place. RMCS is here to provide all your Canada settlement citizenship services AT NO COST.","canadian citizenship by descent",0.3,"Massachusetts,United States"
https://immigration.ca/canadian-citizenship-by-descent-for-americans/,"Canada Citizenship by Descent | Free Eligibility Assessment","Bill C-3 expands citizenship by descent. Find out if you qualify for a Canadian passport. Expert Canadian immigration lawyers help Americans claim citizenship.","apply for canadian citizenship by descent",0.2,"Massachusetts,United States"
https://immigration.ca/canadian-citizenship-by-descent-for-americans/,"Canada Citizenship by Descent - Claim Your Canadian Rights","Bill C-3 expands citizenship by descent. Find out if you qualify for a Canadian passport. New law means millions may qualify. Get a professional eligibility assessment today. Free Evaluation.","apply for canadian citizenship by descent",0.2,"Massachusetts,United States"
https://immigration.ca/canadian-citizenship-by-descent-for-americans/,"New Citizenship Rules 2026 - Claim Your Canadian Rights","Bill C-3 expands citizenship by descent. Find out if you qualify for a Canadian passport. New law...","dual citizenship usa canada",0.2,"Massachusetts,United States"
https://mdccanada.ca/immigration-evaluation,"Check Your Eligibility Today","Immigration To Canada — RCIC are authorized to represent and guide you through the immigration pathways. Check if You...","america canada dual citizenship",0.2,"Florida,United States"
https://secure.exeolaw.com/schedule/canadian-citizenship-assessment,"Check Your Eligibility - Claim Citizenship by Descent","See if you qualify for Canadian citizenship by descent. Book your appointment now.","canadian citizenship by descent great grandparent",0.2,"Florida,United States"
https://www.canadiancitizenshiphelp.ca/,"Easy Application Process - Apply for Canadian Citizenship","We Make The Canadian Citizenship Application Process Easy And Stress-Free Test","apply for canadian citizenship by descent",0.2,"Florida,United States"
https://www.canadiancitizenshiphelp.ca/,"Canada Citizenship Application","Applications Services — We Make The Canadian Citizenship Application Process Easy And Stress-Free Test","apply for canadian citizenship by descent",0.2,"Florida,United States"
https://www.canadiancitizenshiphelp.ca/,"Applications Services - Canada Citizenship - Start Your Application","Fast & Friendly Support Available 24/7 For Canadian Citizens. We Help Canadians In The U.S. With All Of Your Citizenship Needs. Get Help Today. Read Blogs.","apply for canadian citizenship by descent",0.2,"Massachusetts,United States"
https://www.canadiancitizenshiphelp.ca/,"Canada Citizenship | Start Your Application | Applications Services","Fast & Friendly Support Available 24/7 For Canadian Citizens. We Help Canadians In The U.S. With...","canadian citizenship by descent",0.2,"Florida,United States"
https://www.canadiancitizenshiphelp.ca/,"Easy Application Process - Canada Citizenship Application","We Make The Canadian Citizenship Application Process Easy And Stress-Free Test. Check Benefits. Personal Service. BBB Accredited Business.","apply for canadian citizenship by descent",0.2,"Florida,United States"
https://www.escapehatch.to/,"Citizenship from Grandparents? - CA Citizenship by Descent","The Rules Just Changed. See If You Qualify in Minutes. Bill C-3 Changed the Rules. Find Out If You Qualify for Canadian Citizenship in 5 Minutes.","canadian citizenship by descent grandparent",0.2,"Florida,United States"
https://www.internationalexperience.ca/canadian-citizenship/,"Canadian Citizenship, Citizenship Application:How to Apply, Eligibility","Make sure you’re eligible to submit a Canadian Citizenship application. Affordable Price. Worldwide Recognition. Types: Immigration Services Cana, Express Entry Canada, Family Sponsorship Canada, Visa to Canada, Provincial Immigration, Refugee...","apply for canadian citizenship by descent",0.2,"Massachusetts,United States"
https://www.internationalexperience.ca/canadian-citizenship/,"How to Apply, Eligibility, Process - Apply for Citizenship","Make sure you’re eligible to submit a Canadian Citizenship application. Affordable Price. Worldwide Recognition. Types: Immigration Services Cana, Express Entry Canada, Family Sponsorship Canada.","apply for canadian citizenship by descent",0.2,"California,United States"
https://www.myheritage.com/search-records,"Just Enter a Name - It's Easy - Canadian Immigration Records","No need to go to the archive; billions of digital records are available right here. Discover your family immigration stories across 37+ billion historical records. Start a 14-Day Free Trial. Solve Family Mysteries.","canadian citizenship by descent grandparent",0.2,"California,United States"
https://cis.org/Dual-Nationality-Unobjectionable-and-Unstoppable,"Dual Nationality: Unobjectionable and Unstoppable","We believe that debates about immigration policy that are grounded in objective data.","dual citizenship usa canada",0.1,"Florida,United States"
https://immigration.ca/bill-c-3-canada-confirms-major-change-to-citizenship-by-descent/,"Dual Citizenship Canada From USA - Clear Requirements - In Your Area","US citizens with Canadian grandparents? See options—book an online consult. Lawyer-led help for Americans: documents, eligibility, and IRCC process.","dual citizenship usa canada",0.1,"Florida,United States"
https://immigration.ca/bill-c-3-canada-confirms-major-change-to-citizenship-by-descent/,"Dual Citizenship Canada From USA | Clear Requirements","US citizens with Canadian grandparents? See options—book an online consult. Lawyer-led help for Americans: documents, eligibility, and IRCC process.","america canada dual citizenship",0.1,"Florida,United States"
https://lebeaulaw.ca/immigration-law/,"Become a Canadian Citizen","Helping you come home — Reduce the stress of your application and reduce delays. Visit our website today. Book an appointment now.","canadian citizenship by descent",0.1,"California,United States"
https://lp-eu.vimb.org/,"Official Second Citizenship - Official Gov-Approved Agent","VIMB Services: Licensed DSP & CIIP Provider. Investment from USD $165,000. Start Now. Fully compliant & secure process.","america canada dual citizenship",0.1,"Florida,United States"
https://nilawyers.ca/citizenship-by-descent/,"Claim Citizenship by Descent - Apply for Canadian Status","Born Abroad to Canadian Parents or Grand-Parents? Explore Your Citizenship Options Today. Apply for Canadian Citizenship by Descent with Experienced Consultants in Canada. Avoid Costly Mistakes. Start Today. Proven Process.","apply for canadian citizenship by descent",0.1,"Massachusetts,United States"
https://nilawyers.ca/citizenship-by-descent/,"Claim Citizenship by Descent - Citizenship by Descent Law","Born Abroad to Canadian Parents or Grand-Parents? Explore Your Citizenship Options Today","canadian citizenship by descent grandparent",0.1,"Massachusetts,United States"
https://settlement.org/ontario/immigration-citizenship/citizenship/apply-for-canadian-citizenship/how-do-i-apply-for-canadian-citizenship/,"CAN Citizenship Eligibility","Become A Canadian Citizen — To apply for citizenship you must meet an eligibility criteria & complete an application. Provide proof, be a PR, live in Canada for 1,095 days, taxes filled for three years. In Business Since 2000.","dual citizenship usa canada",0.1,"Massachusetts,United States"
https://settlement.org/ontario/immigration-citizenship/citizenship/apply-for-canadian-citizenship/how-do-i-apply-for-canadian-citizenship/,"CAN Citizenship Eligibility - Become A Canadian Citizen","Check if you are eligible to apply for Canadian citizenship. Find out more. To apply for citizenship you must meet an eligibility criteria & complete an application.","dual citizenship usa canada",0.1,"Florida,United States"
https://www.akcanada.com/canadian-immigration-family-class/,"Obtain Canadian Citizenship - Free Eligibility Assessment","Canadian citizenship now passes down through multiple generations. Claim your citizenship. Do...","apply for canadian citizenship by descent",0.1,"Florida,United States"
https://www.akcanada.com/canadian-immigration-family-class/,"You may be a Canadian Citizen - Free Eligibility Assessment","Do you have a Canadian parent or grandparent? Claim your Canadian citizenship today.","apply for canadian citizenship by descent",0.1,"Florida,United States"
https://www.canadavisa.com/canadian-citizenship-immigration-and-settlement-in-canada.html,"Get Canada-US Dual Citizenship | Canadian Passport By Descent","Fill out our assessment form for Canadian citizenship and get in contact with a lawyer. Do you have Canadian ancestry? Our lawyers guide your dual citizenship journey.","canadian citizenship by descent grandparent",0.1,"California,United States"
https://www.canadavisa.com/canadian-citizenship-immigration-and-settlement-in-canada.html,"Get Canada-US Dual Citizenship","Dual Citizenship Application — Born in the U.S. with Canadian roots? We guide your dual citizenship process. Do you have Canadian...","apply for canadian citizenship by descent",0.1,"Florida,United States"
https://www.canadiancitizenshiphelp.ca/,"Canada Citizenship Application - Easy Application Process","We Make The Canadian Citizenship Application Process Easy And Stress-Free Test","apply for canadian citizenship by descent",0.1,"Florida,United States"
https://www.canadiancitizenshiphelp.ca/,"Canada Citizenship | Applications Services","Fast & Friendly Support Available 24/7 For Canadian Citizens. We Help Canadians In The U.S. With All Of...","canadian citizenship by descent",0.1,"Florida,United States"
https://www.canadiancitizenshiphelp.ca/,"Start Your Application - Applications Services","We Make The Canadian Citizenship Application Process Easy And Stress-Free Test","apply for canadian citizenship by descent",0.1,"Massachusetts,United States"
https://www.canadiancitizenshiphelp.ca/,"Start Your Application - Canada Citizenship","Fast & Friendly Support Available 24/7 For Canadian Citizens. We Help Canadians In The U.S. With All Of Your Citizenship Needs. Get Help Today. Read Blogs.","apply for canadian citizenship by descent",0.1,"Massachusetts,United States"
https://www.canadiancitizenshiphelp.ca/,"Apply for Canada citizenship today","We Make The Canadian Citizenship Application Process Easy And Stress-Free Test. Check Benefits. Personal Service. BBB Accredited Business.","apply for canadian citizenship by descent",0.1,"Massachusetts,United States"
https://www.canadiancitizenshiphelp.ca/,"Canada Citizenship Application - Apply for Canadian Citizenship","We Make The Canadian Citizenship Application Process Easy And Stress-Free Test. Check Benefits.","apply for canadian citizenship by descent",0.1,"Florida,United States"
https://www.canadiancitizenshiphelp.ca/,"Canada Citizenship - Start Your Application - Applications Services","Fast & Friendly Support Available 24/7 For Canadian Citizens. We Help Canadians In The U.S. With...","canadian citizenship by descent",0.1,"Florida,United States"
https://www.canadim.com/immigrate/move-to-canada/move-from-united-states/,"Immigrate to Canada from USA - No‑Obligation Online Form","Answer a few questions & see if you qualify to move to Canada—free and fast.","apply for canadian citizenship by descent",0.1,"Florida,United States"
https://www.escapehatch.to/,"You May Already Be Canadian - New CA Citizen Options","The Rules Just Changed. See If You Qualify in Minutes. Bill C-3 Changed the Rules. Find Out If You Qualify for Canadian Citizenship in 5 Minutes.","canadian citizenship by descent great grandparent",0.1,"Florida,United States"
https://www.escapehatch.to/,"You May Already Be Canadian - CA Citizenship by Descent","Bill C-3 Changed the Rules. Find Out If You Qualify for Canadian Citizenship in 5 Minutes. The Rules Just Changed. See If You...","canadian citizenship by descent",0.1,"Florida,United States"
https://www.uiscanada.com/canada_immigration_advisors/,"Canada Immigration Online","Canada immigration express entry — US To Canada. Start A New Successful Life. Express Immigration. Start Here. Become a Canadian Citizen.","apply for canadian citizenship by descent",0.1,"California,United States"
https://www.waytolegal.com/legal-help-guides/dual-us-canada-citizenship-guide/,"Dual US-Canada Citizenship: 4 Pathways To Apply In 2025 - Understand updated rules","Navigate the steps to acquire dual US-Canada citizenship through birthright, ancestry, marriage, or residency. Understand updated rules like Canada's...","america canada dual citizenship",0.1,"Florida,United States"
https://canadabychoice.com/book-a-consultation/,"Immigrate From USA to Canada | A Place You Can Call Home","Canada by Choice - with you every step of the way. Discover the best pathways to immigrate from the USA to Canada. Start your journey today.","apply for canadian citizenship by descent",0.1,"California,United States"
https://cuin.ca/eligibility-calculator/,"canadian citizenship | canada immigration | ircc in canada","Get Canada PR fast – check your eligibility today with our experts. Move to Canada legally and...","apply for canadian citizenship by descent",0.1,"Massachusetts,United States"
https://cuin.ca/eligibility-calculator/,"canadian citizenship - Canadian immigration","Get Canada PR fast – check your eligibility today with our experts. Move to Canada legally and easily. Contact our RCIC consultants today.","apply for canadian citizenship by descent",0.1,"California,United States"
https://cuin.ca/eligibility-calculator/,"canadian citizenship","ircc in canada — Get Canada PR fast – check your eligibility today with our experts. Move to Canada legally and easily. Contact our RCIC consultants today.","apply for canadian citizenship by descent",0.1,"California,United States"
https://cuin.ca/eligibility-calculator/,"Canada Citizenship Help | canadian citizenship","Get Canada PR fast – check your eligibility today with our experts. Move to Canada legally and easily. Contact our RCIC consultants today. Highlights: WhatsApp Chat Support Available, We Offer A Range Of Programs, Articles Available.","apply for canadian citizenship by descent",0.1,"Florida,United States"
https://cuin.ca/eligibility-calculator/,"canadian citizenship | ircc in canada","Get Canada PR fast – check your eligibility today with our experts. Move to Canada legally and easily. Contact our RCIC consultants today. Highlights: WhatsApp Chat Support Available, We Offer A Range Of Programs, Articles Available.","apply for canadian citizenship by descent",0.1,"Massachusetts,United States"
https://immigration.ca/canadian-citizenship-by-descent-for-americans/,"Free Eligibility Assessment","Canada Citizenship by Descent — Bill C-3 expands citizenship by descent. Find out if you qualify for a Canadian passport. New law means millions may qualify. Get a professional eligibility...","apply for canadian citizenship by descent",0.1,"California,United States"
https://immigration.ca/bill-c-3-canada-confirms-major-change-to-citizenship-by-descent/,"Dual Citizenship Canada From USA | Clear Requirements | In Your Area","Lawyer-led help for Americans: documents, eligibility, and IRCC process. US citizens with Canadian grandparents? See options—book an online consult.","america canada dual citizenship",0.1,"Florida,United States"
https://immigration.ca/bill-c-3-canada-confirms-major-change-to-citizenship-by-descent/,"Dual Citizenship Canada From USA | Dual Citizenship Options","Lawyer-led help for Americans: documents, eligibility, and IRCC process. US citizens with Canadian...","america canada dual citizenship",0.1,"Florida,United States"
https://immigration.ca/canadian-citizenship-by-descent-for-americans/,"Canada Citizenship by Descent - Descent-Based Citizenship","Bill C-3 expands citizenship by descent. Find out if you qualify for a Canadian passport. Experienced citizenship lawyers guide you through the Bill C-3...","apply for canadian citizenship by descent",0.1,"Florida,United States"
https://immigration.ca/bill-c-3-canada-confirms-major-change-to-citizenship-by-descent/,"Dual Citizenship Canada From USA - Dual Citizenship Options","US citizens with Canadian grandparents? See options—book an online consult.","dual citizenship usa canada",0.1,"Florida,United States"
https://immigration.ca/canadian-citizenship-by-descent-for-americans/,"New Citizenship Rules 2026 - Canadian Passport Eligibility","Bill C-3 expands citizenship by descent. Find out if you qualify for a Canadian...","dual citizenship usa canada",0.1,"Massachusetts,United States"
https://immigration.ca/canadian-citizenship-by-descent-for-americans/,"Descent-Based Citizenship - Bill C-3: Qualify for Canada?","Bill C-3 expands citizenship by descent. Find out if you qualify for a Canadian passport.","canadian citizenship by descent grandparent",0.1,"Florida,United States"
https://immigration.ca/canadian-citizenship-by-descent-for-americans/,"New Citizenship Rules 2026 - Free Eligibility Assessment","Bill C-3 expands citizenship by descent. Find out if you qualify for a Canadian passport. New law means millions may qualify.","apply for canadian citizenship by descent",0.1,"Massachusetts,United States"
https://immigration.ca/bill-c-3-canada-confirms-major-change-to-citizenship-by-descent/,"Dual Citizenship Canada From USA | Bill C-3 Explained","US citizens with Canadian grandparents? See options—book an online consult. Lawyer-led help for Americans: documents, eligibility, and IRCC process. Free Evaluation. Fast Response Time. 25+ Years Experience. Make Canada Your New Home.","dual citizenship usa canada",0.1,"Massachusetts,United States"
https://immigration.ca/,"Ancestry Claim Assistance - Apply for Certificate","We assist with documents, eligibility, and proof applications—clear steps.","apply for canadian citizenship by descent",0.1,"Florida,United States"
https://immigration.ca/canadian-citizenship-by-descent-for-americans/,"Descent-Based Citizenship | Bill C-3: Qualify for Canada?","Experienced citizenship lawyers guide you through the Bill C-3 application process. New law means millions may qualify. Get a professional eligibility...","canadian citizenship by descent grandparent",0.1,"California,United States"
https://immigration.ca/bill-c-3-canada-confirms-major-change-to-citizenship-by-descent/,"Dual Citizenship Canada From USA - Bill C-3 Explained","US citizens with Canadian grandparents? See options—book an online consult. Plain-English Bill C-3 guidance; we outline options and next steps.","dual citizenship usa canada",0.1,"Florida,United States"
https://immigration.ca/bill-c-3-canada-confirms-major-change-to-citizenship-by-descent/,"Dual Citizenship Canada From USA - Apply for Certificate","US citizens with Canadian grandparents? See options—book an online consult. Lawyer-led help for Americans: documents, eligibility, and IRCC process. Free...","dual citizenship usa canada",0.1,"Florida,United States"
https://immigration.ca/bill-c-3-canada-confirms-major-change-to-citizenship-by-descent/,"Bill C-3 Explained - Dual Citizenship Canada From USA","US citizens with Canadian grandparents? See options—book an online consult. Lawyer-led help for Americans: documents, eligibility, and IRCC process.","dual citizenship usa canada",0.1,"Florida,United States"
https://lebeaulaw.ca/book-a-consultation/,"Become a Canadian Citizen","Express Entry — Trusted Canadian immigration support for applications and appeals. Do you need...","apply for canadian citizenship by descent",0.1,"California,United States"
https://lp.vimb.org/,"Official Gov-Approved Agent - 100% Legal Dual Citizenship","Official Vanuatu CIIP Program: Invest from USD $165,000 for Full Citizenship.","america canada dual citizenship",0.1,"Florida,United States"
https://mdccanada.ca/immigration-evaluation-interview,"Take the First Step to Canada","Check Your Eligibility Today — Not sure How to immigrate to Canada?","apply for canadian citizenship by descent",0.1,"Florida,United States"
https://mdccanada.ca/immigration-evaluation,"MDC Immigration Application","Check Your Eligibility Today — Not sure How to immigrate to Canada?","apply for canadian citizenship by descent",0.1,"California,United States"
https://mdccanada.ca/immigration-evaluation-interview,"MDC Immigration Application - Check Your Eligibility Today","Consult with Immigration Professionals, Check Your Canadian Eligibility Today. Check if You qualify to...","apply for canadian citizenship by descent",0.1,"Florida,United States"
https://mdccanada.ca/immigration-evaluation-interview,"Immigration To Canada - Check Your Eligibility Today","Consult with Immigration Professionals, Check Your Canadian Eligibility Today. Check if You qualify to work in Canada. 100+ Immigration Programs.","apply for canadian citizenship by descent",0.1,"Florida,United States"
https://mdccanada.ca/immigration-evaluation,"Immigrate in 4 Simple Steps - Check Your Eligibility Today","Consult with Immigration Professionals, Check Your Canadian Eligibility Today. Check if You qualify to...","apply for canadian citizenship by descent",0.1,"California,United States"
https://mdccanada.ca/immigration-evaluation,"Take the First Step to Canada | Check Your Eligibility Today","Check if You qualify to work in Canada. Not sure How to immigrate to Canada? Get assessed Today. Certified Immigration Consultants.","apply for canadian citizenship by descent",0.1,"California,United States"
https://mdccanada.ca/immigration-evaluation,"MDC Immigration Application | Check Your Eligibility Today","Check if You qualify to work in Canada. RCIC are authorized to represent and guide you through...","apply for canadian citizenship by descent",0.1,"California,United States"
https://nilawyers.ca/citizenship-by-descent/,"Citizenship by Descent Law - Apply for Canadian Status","Born Abroad to Canadian Parents or Grand-Parents? Explore Your Citizenship Options Today. Apply for Canadian...","apply for canadian citizenship by descent",0.1,"Massachusetts,United States"
https://nilawyers.ca/citizenship-by-descent/,"Citizenship by Descent Law","Claim Citizenship by Descent — Born Abroad to Canadian Parents or Grand-Parents? Explore Your Citizenship Options Today. Legal...","canadian citizenship by descent great grandparent",0.1,"Massachusetts,United States"
https://nilawyers.ca/citizenship-by-descent/,"Apply with Canadian Law Firm - Claim Citizenship by Descent","Born Abroad to Canadian Parents or Grand-Parents? Explore Your Citizenship Options Today","apply for canadian citizenship by descent",0.1,"California,United States"
https://nilawyers.ca/citizenship-by-descent/,"Citizenship by Descent Law - Claim Citizenship by Descent","Apply for Canadian Citizenship by Descent with Experienced Consultants in Canada. Born Abroad to Canadian Parents or Grand-Parents? Explore Your Citizenship Options Today. Avoid Costly Mistakes. Start Today. Proven Process.","apply for canadian citizenship by descent",0.1,"California,United States"
https://nilawyers.ca/citizenship-by-descent/,"Claim Citizenship by Descent - Descent Citizenship Guidance","Born Abroad to Canadian Parents or Grand-Parents? Explore Your Citizenship Options Today. Legal...","canadian citizenship by descent grandparent",0.1,"Florida,United States"
https://nomadcapitalist.com/products/citizenship-by-descent/,"Apply for citizenship by descent today - Claim Your Birthright","Claim a 2nd citizenship based on your familial connections. Let us do the research. Claim EU...","apply for canadian citizenship by descent",0.1,"Florida,United States"
https://nomadcapitalist.com/products/citizenship-by-descent/,"Apply for citizenship by descent today - Get Second Citizenship","Claim a 2nd citizenship based on your familial connections. Let us do the research.","apply for canadian citizenship by descent",0.1,"Florida,United States"
https://nomadcapitalist.com/products/citizenship-by-descent/,"Apply for citizenship by descent","Citizenship by Descent — Claim a 2nd citizenship based on your familial connections. Let us do the research. Claim EU...","apply for canadian citizenship by descent",0.1,"California,United States"
https://nomadcapitalist.com/products/citizenship-by-descent/,"Apply for citizenship by descent - Citizenship By Descent Plan","Claim a 2nd citizenship based on your familial connections. Let us do the research.","apply for canadian citizenship by descent",0.1,"California,United States"
https://nomadcapitalist.com/products/citizenship-by-descent/,"Claim Your Birthright - Citizenship by Descent","Claim a 2nd citizenship based on your familial connections. Let us do the research. Claim EU...","apply for canadian citizenship by descent",0.1,"Florida,United States"
https://nomadcapitalist.com/products/citizenship-by-descent/,"Citizenship By Descent Plan - Claim Your Birthright","Claim a 2nd citizenship based on your familial connections. Let us do the research.","canadian citizenship by descent great grandparent",0.1,"Florida,United States"
https://nomadcapitalist.com/products/citizenship-by-descent/,"Citizenship by Descent - Check Your Eligibility Now","Claim a 2nd citizenship based on your familial connections. Let us do the research. Claim EU...","apply for canadian citizenship by descent",0.1,"California,United States"
https://nomadcapitalist.com/products/citizenship-by-descent/,"Citizenship by Descent - Claim Your EU Citizenship","Claim a 2nd citizenship based on your familial connections. Let us do the research. Claim EU citizenship through your heritage and expand your freedom. Dual Citizenship. Second Passports. Easiest Plan B. Future Generations.","apply for canadian citizenship by descent",0.1,"Florida,United States"
https://nomadcapitalist.com/products/citizenship-by-descent/,"Claim Your Birthright Today | Citizenship by Descent","Claim a 2nd citizenship based on your familial connections. Let us do the research.","apply for canadian citizenship by descent",0.1,"Florida,United States"
https://online.canamigrate.com/,"Become a Canadian Citizen - Move from the USA to Canada","Find out if You are Eligible for a Canadian Citizenship. Our Experienced Experts will Help ...","apply for canadian citizenship by descent",0.1,"Florida,United States"
https://online.canamigrate.com/,"Become a Canadian Citizen - Check Your Eligibility","Find out if You are Eligible for a Canadian Citizenship. Our Experienced Experts will Help ...","apply for canadian citizenship by descent",0.1,"California,United States"
https://secure.exeolaw.com/schedule/canada-citizenship-assessment/booknow,"Claim Citizenship by Descent - Claim Canadian Citizenship","See if you qualify for Canadian citizenship by descent. Book your appointment now.","apply for canadian citizenship by descent",0.1,"California,United States"
https://secure.exeolaw.com/schedule/canada-citizenship-assessment/booknow,"Claim Canadian Citizenship - Check Your Eligibility","See if you qualify for Canadian citizenship by descent. Book your appointment now. Not sure if you...","apply for canadian citizenship by descent",0.1,"Florida,United States"
https://secure.exeolaw.com/schedule/canadian-citizenship-assessment,"Claim Citizenship by Descent - Claim Canadian Citizenship","See if you qualify for Canadian citizenship by descent. Book your appointment now.","apply for canadian citizenship by descent",0.1,"California,United States"
https://secure.exeolaw.com/schedule/canadian-citizenship-assessment,"Claim Citizenship by Descent - Fast Citizenship Assessment","See if you qualify for Canadian citizenship by descent. Book your appointment now.Personalized Legal Guidance. 20+ Years Experience. Fast & Effective Solutions","apply for canadian citizenship by descent",0.1,"California,United States"
https://secure.exeolaw.com/schedule/canadian-citizenship-assessment,"Claim Citizenship by Descent","Fast Citizenship Assessment — See if you qualify for Canadian citizenship by descent. Book your appointment now. Not sure if you...","apply for canadian citizenship by descent",0.1,"Florida,United States"
https://www.akcanada.com/canadian-immigration-family-class/,"Become a Canadian Citizen - Free Eligibility Assessment","Do you have a Canadian parent or grandparent? Claim your Canadian citizenship today. Millions of Americans are now eligible for Canadian citizenship. Learn more. 40+ Years Experience.","apply for canadian citizenship by descent",0.1,"Florida,United States"
https://www.akcanada.com/canadian-immigration-family-class/,"Citizenship by Descent - You may be a Canadian Citizen","Do you have a Canadian parent or grandparent? Claim your Canadian citizenship today. Canadian citizenship now passes down through multiple generations. Claim your citizenship. 40+ Years Experience. Risk Free Guarantee.","apply for canadian citizenship by descent",0.1,"California,United States"
https://www.akcanada.com/canadian-immigration-family-class/,"Citizenship by Descent | Free Eligibility Assessment","Do you have a Canadian parent or grandparent? Claim your Canadian citizenship today. Canadian citizenship now passes down through multiple generations. Claim your citizenship. Risk Free Guarantee. 4.5 Google Rating. 40+ Years Experience.","apply for canadian citizenship by descent",0.1,"Florida,United States"
https://www.akcanada.com/canadian-immigration-family-class/,"Canadian Citizenship by Descent - Apply for Canadian Citizenship","Do you have a Canadian parent or grandparent? Claim your Canadian citizenship today. Canadian citizenship now passes down through multiple generations.","apply for canadian citizenship by descent",0.1,"Florida,United States"
https://www.akcanada.com/canadian-immigration-family-class/,"Citizenship by Descent - No Generation Limit!","Do you have a Canadian parent or grandparent? Claim your Canadian citizenship today. Canadian citizenship now passes down through multiple generations. Claim your citizenship. 40+ Years Experience. Risk Free Guarantee. 4.5 Google Rating.","apply for canadian citizenship by descent",0.1,"California,United States"
https://www.akcanada.com/canadian-immigration-family-class/,"Citizenship by Descent - Claim Canadian Citizenship","Do you have a Canadian parent or grandparent? Claim your Canadian citizenship today. Canadian...","apply for canadian citizenship by descent",0.1,"California,United States"
https://www.askalawyeroncall.com/lp/law,"Canadian Citizenship By Descent","Canada Citizenship Q and A — Reliable Legal Answers on Citizenship by Descent From Trusted Experts.","apply for canadian citizenship by descent",0.1,"Florida,United States"
https://www.askalawyeroncall.com/lp/law,"Canada Citizenship by Descent - Citizenship Rules in Canada","It's Legal Guidance Without the High Costs. Ask Questions and a Lawyer Answers You Now. How to Apply for Canadian Citizenship? Ask a Verified Online Lawyer for Helpful Info. As Seen on CNN, Fox.","canadian citizenship by descent grandparent",0.1,"California,United States"
https://www.boundless.com/immigration-resources/dual-citizenship,"Dual Citizenship? Does the U.S. Allow It? - Boundless Immigration","Dual citizenship means being a citizen of two countries simultaneously. Learn the dual citizenship rules of the United States and other countries.","dual citizenship usa canada",0.1,"Florida,United States"
https://www.canadavisa.com/canadian-citizenship-immigration-and-settlement-in-canada.html,"Get Canada-US Dual Citizenship | Dual Citizenship in Canada","Born in the U.S. with Canadian roots? We guide your dual citizenship process.","america canada dual citizenship",0.1,"Florida,United States"
https://www.canadavisa.com/canadian-citizenship-immigration-and-settlement-in-canada.html,"Claim Dual Citizenship - Dual Citizenship Canada USA","Fill out our assessment form for Canadian citizenship and get in contact with a lawyer. Born in the...","dual citizenship usa canada",0.1,"Florida,United States"
https://www.canadavisa.com/canadian-citizenship-immigration-and-settlement-in-canada.html,"Gain Your Canadian Citizenship","Apply for canadian citizenship online — Fill out our assessment form and get in contact with a lawyer. Do you meet the requirements for Canadian citizenship? Our lawyers can help you...","apply for canadian citizenship by descent",0.1,"California,United States"
https://www.canadavisa.com/canadian-citizenship-immigration-and-settlement-in-canada.html,"Apply for Canadian Citizenship","Apply for canadian citizenship online — Fill out our assessment form and get in contact with a lawyer. Do you meet the requirements for...","apply for canadian citizenship by descent",0.1,"Florida,United States"
https://www.canadavisa.com/canadian-citizenship-immigration-and-settlement-in-canada.html,"Get Canada-US Dual Citizenship | Apply for Dual Citizenship","Born in the U.S. with Canadian roots? We guide your dual citizenship process. Fill out our assessment form for Canadian citizenship and get in contact with a lawyer. Canadian Immigration.","apply for canadian citizenship by descent",0.1,"California,United States"
https://www.canadavisa.com/canadian-citizenship-immigration-and-settlement-in-canada.html,"Claim Canadian Citizenship | Apply for canadian citizenship online","Fill out our assessment form and get in contact with a lawyer. Do you meet the requirements for Canadian citizenship? Our lawyers can help you...","apply for canadian citizenship by descent",0.1,"Florida,United States"
https://www.canadavisa.com/canadian-citizenship-immigration-and-settlement-in-canada.html,"Canadian Passport By Descent | Claim Dual Citizenship","Fill out our assessment form for Canadian citizenship and get in contact with a lawyer. Born in the...","apply for canadian citizenship by descent",0.1,"Florida,United States"
https://www.canadavisa.com/canadian-citizenship-immigration-and-settlement-in-canada.html,"Canadian Passport By Descent | Specialists in Citizenship","Fill out our assessment form for Canadian citizenship and get in contact with a lawyer. Born in the...","canadian citizenship by descent great grandparent",0.1,"California,United States"
https://www.canadavisa.com/canadian-citizenship-immigration-and-settlement-in-canada.html,"Claim Dual Citizenship - Apply for Dual Citizenship","Born in the U.S. with Canadian roots? We guide your dual citizenship process. Fill out our...","dual citizenship usa canada",0.1,"Florida,United States"
https://www.canadavisa.com/canadian-citizenship-immigration-and-settlement-in-canada.html,"Submit Your Citizenship Claim - Claim Canadian Citizenship","Do you meet the requirements for Canadian citizenship? Our lawyers can help you apply. Fill out...","apply for canadian citizenship by descent",0.1,"California,United States"
https://www.canadavisa.com/canadian-citizenship-immigration-and-settlement-in-canada.html,"Apply for Dual Citizenship","Claim Dual Citizenship — Born in the U.S. with Canadian roots? We guide your dual citizenship process. Fill out our...","dual citizenship usa canada",0.1,"Florida,United States"
https://www.canadavisa.com/canadian-citizenship-immigration-and-settlement-in-canada.html,"Get Canada-US Dual Citizenship - Claim Dual Citizenship","Fill out our assessment form for Canadian citizenship and get in contact with a lawyer. Born in the U.S. with Canadian roots? We guide your dual citizenship process.","dual citizenship usa canada",0.1,"Florida,United States"
https://www.canadavisa.com/canadian-citizenship-immigration-and-settlement-in-canada.html,"Submit Your Citizenship Claim | Claim Canadian Citizenship","Fill out our assessment form and get in contact with a lawyer. Do you meet the requirements for Canadian citizenship? Our lawyers can help you apply.","apply for canadian citizenship by descent",0.1,"Florida,United States"
https://www.canadavisa.com/canadian-citizenship-immigration-and-settlement-in-canada.html,"Over 45 Years of Experience | Canadian Passport By Descent","Born in the U.S. with Canadian roots? We guide your dual citizenship process. Fill out our...","canadian citizenship by descent grandparent",0.1,"Florida,United States"
https://www.canadiancitizenshiphelp.ca/,"Start Your Application | Canada Citizenship | Applications Services","Fast & Friendly Support Available 24/7 For Canadian Citizens. We Help Canadians In The U.S. With All Of Your Citizenship Needs. Get Help Today.","canadian citizenship by descent",0.1,"Florida,United States"
https://www.canadiancitizenshiphelp.ca/,"Applications Services | Start Your Application","Fast & Friendly Support Available 24/7 For Canadian Citizens. We Help Canadians In The U.S. With All Of Your Citizenship Needs. Get Help Today. SSL Secured Site. Read Blogs. BBB Accredited Business.","apply for canadian citizenship by descent",0.1,"California,United States"
https://www.canadiancitizenshiphelp.ca/,"Canada Citizenship - Applications Services - Start Your Application","Fast & Friendly Support Available 24/7 For Canadian Citizens. We Help Canadians In The U.S. With All Of Your Citizenship Needs. Get Help Today. Read Blogs. SSL Secured Site. BBB Accredited Business. Highlights: Application Support...","apply for canadian citizenship by descent",0.1,"Florida,United States"
https://www.canadiancitizenshiphelp.ca/,"Apply for Canadian Citizenship","Easy Application Process — We Make The Canadian Citizenship Application Process Easy And Stress-Free Test. Check Benefits. BBB Accredited Business. Personal Service.","apply for canadian citizenship by descent",0.1,"California,United States"
https://www.canadiancitizenshiphelp.ca/,"Start Your Application - Canadian Citizenship","We Make The Canadian Citizenship Application Process Easy And Stress-Free Test","apply for canadian citizenship by descent",0.1,"Florida,United States"
https://www.canadiancitizenshiphelp.ca/,"Start Your Application - Canadian Citizenship - Applications Services","We Make The Canadian Citizenship Application Process Easy And Stress-Free Test","apply for canadian citizenship by descent",0.1,"Florida,United States"
https://www.canadiancitizenshiphelp.ca/,"Applications Services","Easy and stress-free test — We Make The Canadian Citizenship Application Process Easy And Stress-Free Test. Fast & Friendly Support Available 24/7 For Canadian Citizens.","apply for canadian citizenship by descent",0.1,"California,United States"
https://www.canadiancitizenshiphelp.ca/,"Start Your Application - Applications Services - Canada Citizenship","Fast & Friendly Support Available 24/7 For Canadian Citizens. We Help Canadians In The U.S. With All Of Your Citizenship Needs. Get Help Today. BBB Accredited Business. Read Blogs. SSL Secured Site. Highlights: Application Support Available...","apply for canadian citizenship by descent",0.1,"Florida,United States"
https://www.canadiancitizenshiphelp.ca/,"Canada Citizenship - Applications Services","Fast & Friendly Support Available 24/7 For Canadian Citizens","canadian citizenship by descent",0.1,"California,United States"
https://www.canadiancitizenshiphelp.ca/,"Easy Application Process - Canada Citizenship","We Make The Canadian Citizenship Application Process Easy And Stress-Free Test. Check Benefits.","apply for canadian citizenship by descent",0.1,"Massachusetts,United States"
https://www.canadiancitizenshiphelp.ca/,"Canadian Citizenship By Descent - Apply for Canadian Citizenship","Make your Canadian citizenship application easy and stress-free. Get started today","apply for canadian citizenship by descent",0.1,"Florida,United States"
https://www.canadiancitizenshiphelp.ca/,"Applications Services - Start Your Application - Canada Citizenship","Fast & Friendly Support Available 24/7 For Canadian Citizens. We Help Canadians In The U.S. With...","apply for canadian citizenship by descent",0.1,"Massachusetts,United States"
https://www.canadiancitizenshiphelp.ca/,"Fast & Easy Citizenship - Canada Citizenship Application","We Make The Canadian Citizenship Application Process Easy And Stress-Free Test. Check Benefits.","apply for canadian citizenship by descent",0.1,"Massachusetts,United States"
https://www.canadiancitizenshiphelp.ca/,"Start Your Application - Canada Citizenship - Applications Services","Fast & Friendly Support Available 24/7 For Canadian Citizens. We Help Canadians In The U.S. With All Of Your Citizenship Needs. Get Help Today. BBB Accredited Business. SSL Secured Site. Read Blogs. Highlights: Application Support Available...","apply for canadian citizenship by descent",0.1,"Florida,United States"
https://www.canadiancitizenshiphelp.ca/,"Start Your Application | Applications Services | Canada Citizenship","Fast & Friendly Support Available 24/7 For Canadian Citizens. We Help Canadians In The U.S. With All Of Your Citizenship Needs. Get Help Today. Read Blogs. SSL Secured Site. BBB Accredited Business. Highlights: Application Support...","canadian citizenship by descent grandparent",0.1,"Florida,United States"
https://www.csmonitor.com/World/Americas/2019/0508/When-does-birthright-citizenship-become-citizenship-for-sale,"Birthright citizenship debate in Canada takes a different tack from US","Read More On The Official Christian Science Monitor Website. Award-Winning Publication. Most Trustworthy News. Digital & Print. Types: Digital News, Print News, E-mail Newsletters.","canadian citizenship by descent",0.1,"Florida,United States"
https://www.escapehatch.to/,"CA Citizenship Eligibility","Citizenship from Grandparents? The Rules Just Changed. See If You Qualify in Minutes. Take a 5-minute quiz and get an AI-powered eligibility report with confidence scoring.","canadian citizenship by descent great grandparent",0.1,"California,United States"
https://www.escapehatch.to/,"Bill C-3 Changed Everything - CA Citizenship by Descent","The Rules Just Changed. See If You Qualify in Minutes. Bill C-3 Changed the Rules. Find Out If You Qualify for Canadian Citizenship in 5 Minutes.","apply for canadian citizenship by descent",0.1,"Massachusetts,United States"
https://www.escapehatch.to/,"You May Already Be Canadian | Bill C-3 Changed Everything","The Rules Just Changed. See If You Qualify in Minutes. Take a 5-minute quiz and get an AI-powered eligibility report with confidence scoring.","apply for canadian citizenship by descent",0.1,"California,United States"
https://www.escapehatch.to/,"CA Citizenship by Descent - You May Already Be Canadian","Bill C-3 changed the rules. If your parent or grandparent was Canadian, you may qualify. Take...","canadian citizenship by descent great grandparent",0.1,"Massachusetts,United States"
https://www.escapehatch.to/,"Citizenship from Grandparents? | CA Citizenship by Descent","The Rules Just Changed. See If You Qualify in Minutes.","apply for canadian citizenship by descent",0.1,"California,United States"
https://www.escapehatch.to/,"New CA Citizen Options - New Law in Canada","The Rules Just Changed. See If You Qualify in Minutes. Bill C-3 Changed the Rules. Find Out If You Qualify for Canadian...","canadian citizenship by descent grandparent",0.1,"Florida,United States"
https://www.escapehatch.to/,"Citizenship from Grandparents? | New CA Citizen Options","The Rules Just Changed. See If You Qualify in Minutes.","canadian citizenship by descent grandparent",0.1,"Florida,United States"
https://www.escapehatch.to/,"Citizenship from Grandparents? | Canadian Dual Citizenship","The Rules Just Changed. See If You Qualify in Minutes. Bill C-3 Changed the Rules. Find Out If You Qualify for Canadian Citizenship in 5 Minutes.","apply for canadian citizenship by descent",0.1,"California,United States"
https://www.escapehatch.to/,"New CA Citizen Options - New Law in Canada - Immigration to Canada","The Rules Just Changed. See If You Qualify in Minutes. Bill C-3 Changed the Rules. Find Out If You Qualify for Canadian Citizenship in 5 Minutes.","canadian citizenship by descent",0.1,"California,United States"
https://www.escapehatch.to/,"New CA Citizen Options | You May Already Be Canadian","The Rules Just Changed. See If You Qualify in Minutes. Bill C-3 Changed the Rules. Find Out If You Qualify for Canadian Citizenship in 5 Minutes.","canadian citizenship by descent",0.1,"Massachusetts,United States"
https://www.escapehatch.to/,"You May Already Be Canadian - New Law in Canada","The Rules Just Changed. See If You Qualify in Minutes. Bill C-3 Changed the Rules. Find Out If You Qualify for Canadian Citizenship in 5 Minutes.","canadian citizenship by descent",0.1,"California,United States"
https://www.escapehatch.to/,"New Law in Canada - You May Already Be Canadian","The Rules Just Changed. See If You Qualify in Minutes. Bill C-3 Changed the Rules. Find Out If...","canadian citizenship by descent",0.1,"Florida,United States"
https://www.escapehatch.to/,"CA Citizenship by Descent | Citizenship from Grandparents?","The Rules Just Changed. See If You Qualify in Minutes. Bill C-3 Changed the Rules. Find Out If...","canadian citizenship by descent grandparent",0.1,"Massachusetts,United States"
https://www.escapehatch.to/,"CA Citizenship by Descent - CA Citizenship Eligibility","The Rules Just Changed. See If You Qualify in Minutes. Bill C-3 Changed the Rules. Find Out If You Qualify for Canadian Citizenship in 5 Minutes.","canadian citizenship by descent",0.1,"California,United States"
https://www.escapehatch.to/,"Citizenship from Grandparents?","Canadian Dual Citizenship — Bill C-3 Changed the Rules. Find Out If You Qualify for Canadian Citizenship in 5 Minutes. The Rules...","canadian citizenship by descent",0.1,"Florida,United States"
https://www.google.com/goto?url=CAESfQE7q4yl6zoH33gU6TsLzPoh67KlhKXXTiZq20tBjVvB9L9KAzJuoA7IvGZ2xSyqfbSUushpUdiDIbaYosftwi6S8Wj9A7JtoCV7f9pefSVbH195er0mldVKjIZ_W3R6RyWY_0EjrcUHIp3X9hTw8MAMA-2-p_u0OK9wUhcl,"Descent-Based Citizenship - New Citizenship Rules 2026","New law means millions may qualify. Get a professional eligibility assessment today. Experienced citizenship lawyers...","apply for canadian citizenship by descent",0.1,"Massachusetts,United States"
https://www.google.com/goto?url=CAESfQE7q4ylXdrHbIgy6dvsyo7v2MBaaVj4cTsn7qhVQT-Er31Ok1efkVdxpb8rA1zLFAQMPtIH4SJJtqDBU8xCXvUiiMuq7oiBY6scHiwaiZxi4PRuJ85MrOlwZjYGfwjKMuodBiw4m8JKkPaae_2gYnBfCE5uxPVQ-cv3F_aE,"Descent-Based Citizenship - New Citizenship Rules 2026","Bill C-3 expands citizenship by descent. Find out if you qualify for a Canadian passport. New law means millions may qualify.","canadian citizenship by descent great grandparent",0.1,"California,United States"
https://www.google.com/goto?url=CAESfQE7q4yl7lcNTOONKBBQNw6HoIuYM9jbYlyxUExtXmwRlTpwan1wW3wEaohEyRmZEw8nfkt84ybQV_0ZNPFWTyHH0G_X3ha-QgIRs05E3nVLt_d3lfL_qxpGDbVr2I7U1HxYxjbPnuI74swOYSvB-khfBmLQ0B96d8ztoEdk,"Descent-Based Citizenship - New Citizenship Rules 2026","Bill C-3 expands citizenship by descent. Find out if you qualify for a Canadian passport. New law means millions may qualify.","canadian citizenship by descent great grandparent",0.1,"California,United States"
https://www.google.com/goto?url=CAESfQE7q4ylJJPy4LSWOeSKw-tbUKIvQBaJOw3nNSkP6VmHHkcxDKVSYfbOCXgUfhgXxla75UBDaGavbrw54LDNQW2pz2NEQkIC69fOfhn7mbVTDPRbMN-82PkSZs2dSqCzUQs2aO3p0J-GbuCfvFako4_QLOdnnB8HIPTUgG0k,"Descent-Based Citizenship - Free Eligibility Assessment","Bill C-3 expands citizenship by descent. Find out if you qualify for a Canadian passport. New law means millions may qualify.","canadian citizenship by descent great grandparent",0.1,"California,United States"
https://www.google.com/goto?url=CAESfQE7q4ylmbjU6d5tgAeyRgF9GVJl3drBuTK2rTIAHdsryOWN1TT82aqiJMqEWUyAZ7pSJlDsHhcd9DkirBpbnKDg9-A4FTP9nPj380UgiFq06l1SpIX3jPg-rDApH9Cfxqnsu48dnzrr3-U1zEilyeOrRqST3p3fv1RLUXkk,"Descent-Based Citizenship - Claim Your Canadian Rights","Bill C-3 expands citizenship by descent. Find out if you qualify for a Canadian passport. New law means millions may qualify. Get a professional eligibility...","apply for canadian citizenship by descent",0.1,"California,United States"
https://www.internationalexperience.ca/claiming-canadian-citizenship-from-the-us/,"Claiming Canadian Citizenship","Canadian Citizenship Law — Claiming Canadian Citizenship from the US, Move to Canada from the US, American Citizens Moving to Canada, Immigration for Americans, Visa, Work. Affordable Price. Worldwide Recognition.","apply for canadian citizenship by descent",0.1,"California,United States"
https://www.internationalexperience.ca/canadian-citizenship/,"How to Apply, Eligibility, Process | Apply for Citizenship","Make sure you’re eligible to submit a Canadian Citizenship application. Affordable Price. Worldwide Recognition.","apply for canadian citizenship by descent",0.1,"Florida,United States"
https://www.internationalexperience.ca/canadian-citizenship/,"Canadian Citizenship: Apply Now","Make sure you’re eligible to submit a Canadian Citizenship application. Affordable Price. Worldwide Recognition.","apply for canadian citizenship by descent",0.1,"California,United States"
https://www.internationalexperience.ca/canadian-citizenship/,"Canadian Citizenship Eligibility | Apply for Citizenship","Make sure you’re eligible to submit a Canadian Citizenship application. Affordable Price. Worldwide Recognition. Types: Immigration Services Cana, Express Entry Canada, Family Sponsorship Canada.","apply for canadian citizenship by descent",0.1,"Florida,United States"
https://www.internationalexperience.ca/canadian-citizenship/,"Eligibility for Canadian Citizenship","Make sure you’re eligible to submit a Canadian Citizenship application. Affordable Price. Worldwide Recognition.","canadian citizenship by descent",0.1,"Florida,United States"
https://www.internationalexperience.ca/canadian-citizenship/,"Canadian Citizenship Eligibility - Apply for Canadian Citizenship","Make sure you’re eligible to submit a Canadian Citizenship application. Affordable Price. Worldwide Recognition. Types: Immigration Services Cana, Express Entry Canada, Family Sponsorship Canada, Visa to Canada, Provincial Immigration.","canadian citizenship by descent",0.1,"Florida,United States"
https://www.internationalexperience.ca/canadian-citizenship/,"1 year towards your Canadian Citizenship eligibility","Make sure you’re eligible to submit a Canadian Citizenship application. Affordable Price. Worldwide Recognition.","canadian citizenship by descent",0.1,"Florida,United States"
https://www.internationalexperience.ca/contact-us/,"Citizenship application Canada - Free Immigration Assessment","International Experience Club- Your Best Guide In Canada. Immigration Services, Immigration Consultant, Immigration Lawyer, ICCRC. Affordable Price. Worldwide Recognition. Types: Immigration Services Cana, Express Entry Canada, Family...","canadian citizenship by descent",0.1,"Florida,United States"
https://www.internationalexperience.ca/contact-us/,"Citizenship application Canada","Free Immigration Help Canada — International Experience Club- Your Best Guide...","canadian citizenship by descent",0.1,"Florida,United States"
https://www.internationalexperience.ca/contact-us/,"Free Immigration Assessment","Citizenship application Canada — International Experience Club- Your Best Guide In Canada. Immigration Services, Immigration Consultant, Immigration Lawyer...","apply for canadian citizenship by descent",0.1,"Florida,United States"
https://www.justanswer.com/canada-law/qopmo-great-grandmother-born-canada-allowed.html,"Canadian Citizenship by Descent Eligibility Guide","My great grandmother was born in Canada. Am I allowed to apply for Canadian...","canadian citizenship by descent",0.1,"Florida,United States"
https://www.justanswer.com/canada-law/qopmo-great-grandmother-born-canada-allowed.html,"Canadian Citizenship by Descent Eligibility Guide - Descent Eligibility...","My great grandmother was born in Canada. Am I allowed to apply for Canadian citizenship? I was born in the United","canadian citizenship by descent grandparent",0.1,"Florida,United States"
https://www.myheritage.com/search-records,"Canadian Immigration Records | Free Immigrant Record Search","Find immigration records, passenger lists, and historical documents. Start now. No need to go to the archive; billions of...","canadian citizenship by descent great grandparent",0.1,"California,United States"
https://www.rmcs.bc.ca/settlement-services/,"Citizenship Application Help - Canadian Citizenship Services","All the information & support you need to achieve citizenship in Canada, all in one place.","apply for canadian citizenship by descent",0.1,"California,United States"
https://www.rmcs.bc.ca/settlement-services/,"Canadian Citizenship Made Easy - Canadian Citizenship","Looking for help with Canada citizenship as an immigrant? We're here to help! RMCS is here to provide all your Canada settlement citizenship services AT NO COST. View Events Calendar. Meet Board Of Directors. Check Services.","canadian citizenship by descent",0.1,"Florida,United States"
https://www.rmcs.bc.ca/settlement-services/,"Citizenship for Immigrants | Canadian Citizenship Made Easy","All the information & support you need to achieve citizenship in Canada, all in one place. RMCS is here to provide all your Canada settlement...","apply for canadian citizenship by descent",0.1,"Massachusetts,United States"
https://www.rmcs.bc.ca/settlement-services/,"Canadian Citizenship Made Easy | Settlement Pathway","All the information & support you need to achieve citizenship in Canada, all in one place. We've been helping immigrants settle in Canada for 30+ years.","canadian citizenship by descent",0.1,"Florida,United States"
https://www.rmcs.bc.ca/settlement-services/,"Canada Immigration Website","Canada Immigration Requirement — All the info you need to know about the process and requirements for settling in Canada. We've been helping immigrants settle in Canada for 30+ years. Contact us for free help! View Events Calendar.","canadian citizenship by descent",0.1,"Florida,United States"
